type,loc,sqm,lvl,nbed,nbath,year,price
Διαμέρισμα,Μανιάτικα,110,0,1,1,1980,68000
Διαμέρισμα,Φρεαττύδα,49,Υπερυψωμένο,1,1,1970,75000
Μεζονέτα,Ευαγγελίστρια,140,4,3,1,1998,160000
Διαμέρισμα,Τερψιθέα,100,1,2,1,1971,275000
Μονοκατοικία,Καστέλα,220,0,4,2,1973,600000
Διαμέρισμα,Καμίνια,72,1,2,1,2007,130000
Μονοκατοικία,Υδραίικα,102,0,2,1,1991,200000
Διαμέρισμα,Μανιάτικα,105,2,3,1,2006,210000
Διαμέρισμα,Καστέλα,70,1,2,1,1976,150000
Διαμέρισμα,Νέο Φάληρο,87,2,3,1,1982,150000
Κτίριο,Καστέλα,280,0,4,4,1970,400000
Διαμέρισμα,Φρεαττύδα,100,1,2,1,1982,129999
Διαμέρισμα,Φρεαττύδα,140,4,2,1,1972,630000
Διαμέρισμα,Φρεαττύδα,130,5,3,1,1991,350000
Διαμέρισμα,Άγιος Βασίλειος,65,4,2,1,2002,150000
Διαμέρισμα,Άγιος Βασίλειος,148,2,3,1,1975,150000
Διαμέρισμα,Καλλίπολη,130,3,2,1,1984,280000
Διαμέρισμα,Καλλίπολη,123,6,3,2,1997,600000
Διαμέρισμα,Ευαγγελίστρια,39,4,1,1,1971,65000
Διαμέρισμα,Ταμπούρια,90,2,2,1,1983,85000
Διαμέρισμα,Μανιάτικα,86,2,1,1,2000,160000
Διαμέρισμα,Ταμπούρια,73,0,2,1,1977,70000
Μονοκατοικία,Μανιάτικα,140,1,2,2,1923,120000
Διαμέρισμα,Ταμπούρια,112,2,3,1,2004,175000
Διαμέρισμα,Κοκκινιά,88,3,2,1,1989,95000
Διαμέρισμα,Καλλίπολη,160,3,3,1,1987,330000
Διαμέρισμα,Πειραϊκή,125,5,3,1,2016,410000
Διαμέρισμα,Μανιάτικα,107,0,2,1,1969,69000
Διαμέρισμα,Ευαγγελίστρια,87,2,2,1,1980,100000
Διαμέρισμα,Φρεαττύδα,70,1,2,1,2012,184000
Διαμέρισμα,Καμίνια,47,6,1,1,2008,75000
Μονοκατοικία,Ταμπούρια,80,0,1,1,1955,95000
Διαμέρισμα,Καμίνια,58,3,1,1,1992,67000
Διαμέρισμα,Φρεαττύδα,86,4,2,1,1990,185000
Μονοκατοικία,Ευαγγελίστρια,200,0,6,2,1950,200000
Διαμέρισμα,Ζωοδόχος Πηγή,91,1,2,1,1973,85000
Διαμέρισμα,Ευαγγελίστρια,85,2,2,1,1975,100000
Διαμέρισμα,Νέο Φάληρο,90,2,2,1,1996,190000
Διαμέρισμα,Νέο Φάληρο,73,5,2,1,1980,105000
Μονοκατοικία,Καλλίπολη,102,0,2,1,1991,200000
Διαμέρισμα,Αγία Σοφία,68,1,1,1,2021,110000
Διαμέρισμα,Καμίνια,102,3,3,1,1994,140000
Διαμέρισμα,Ζωοδόχος Πηγή,113,0,2,1,1974,90000
Διαμέρισμα,Ταμπούρια,50,1,1,1,1977,60000
Μεζονέτα,Καλλίπολη,115,5,3,2,2012,250000
Διαμέρισμα,Ταμπούρια,83,Υπερυψωμένο,2,1,1960,45000
Μονοκατοικία,Ζωοδόχος Πηγή,122,0,2,1,1976,130000
Διαμέρισμα,Χατζηκυριάκειο,96,4,2,2,1993,190000
Διαμέρισμα,Ευαγγελίστρια,47,-0.5,2,1,1960,52000
Διαμέρισμα,Βρυώνη,33,5,1,1,1975,52000
Διαμέρισμα,Καμίνια,82,4,2,1,2022,175000
Διαμέρισμα,Πειραϊκή,125,4,3,1,2016,400000
Διαμέρισμα,Φρεαττύδα,250,4,5,5,1975,250000
Διαμέρισμα,Πειραϊκή,58,2,2,1,1974,75000
Διαμέρισμα,Πειραϊκή,64,0,1,1,1970,73000
Διαμέρισμα,Καμίνια,57,8,1,1,2022,146000
Διαμέρισμα,Καμίνια,84,3,2,1,2022,176000
Διαμέρισμα,Καμίνια,105,8,3,1,2022,268000
Κτίριο,Κέντρο,850,0,3,1,1994,1000000
Διαμέρισμα,Ταμπούρια,68,2,2,1,2021,120000
Διαμέρισμα,Κέντρο,120,5,3,1,1977,200000
Διαμέρισμα,Άγιος Βασίλειος,85,2,2,1,1965,85000
Διαμέρισμα,Ταμπούρια,50,0,1,1,1973,60000
Κτίριο,Καλλίπολη,550,0,6,1,1979,650000
Κτίριο,Ταμπούρια,309,0,7,3,1965,210000
Διαμέρισμα,Καμίνια,85,6,2,1,2022,191000
Διαμέρισμα,Καμίνια,84,1,2,1,2022,168000
Διαμέρισμα,Καμίνια,52,2,1,1,2022,107000
Διαμέρισμα,Καστέλα,78,1,2,1,2008,175000
Διαμέρισμα,Καμίνια,100,3,3,1,2022,208000
Διαμέρισμα,Καμίνια,36,0,1,1,1982,30000
Διαμέρισμα,Νέο Φάληρο,84,3,2,1,2007,180000
Διαμέρισμα,Ζωοδόχος Πηγή,45,1,1,1,1978,49000
Διαμέρισμα,ΟΣΕ,95,1,3,1,1998,120000
Διαμέρισμα,Καμίνια,73,1,2,1,1980,80000
Διαμέρισμα,Πασαλιμάνι,194,3,3,2,2010,1010000
Διαμέρισμα,Φρεαττύδα,100,2,3,1,2020,310000
Διαμέρισμα,Φρεαττύδα,100,7,3,1,2020,380000
Διαμέρισμα,Φρεαττύδα,100,1,3,1,2020,300000
Διαμέρισμα,Φρεαττύδα,100,6,3,1,2020,370000
Διαμέρισμα,Φρεαττύδα,100,3,3,1,2020,325000
Διαμέρισμα,Φρεαττύδα,114,5,3,2,2020,353400
Διαμέρισμα,Κεντρικός Λιμένας,54,3,1,1,1978,125000
Κτίριο,Βρυώνη,540,0,8,3,1996,850000
Κτίριο,Κοκκινιά,330,2,5,5,1980,579000
Διαμέρισμα,Καμίνια,55,2,2,1,1970,55000
Μεζονέτα,Πλατεία Ιπποδαμείας,156,5,3,1,1972,350000
Διαμέρισμα,Ευαγγελίστρια,50,2,1,1,2007,125000
Κτίριο,Χατζηκυριάκειο,200,0,4,3,2001,370000
Διαμέρισμα,Κεντρικός Λιμένας,76,6,2,1,2006,164000
Διαμέρισμα,Καλλίπολη,115,4,3,1,1997,300000
Διαμέρισμα,Μανιάτικα,85,5,2,1,2006,155000
Μεζονέτα,Φρεαττύδα,125,5,3,1,2004,450000
Διαμέρισμα,Βρυώνη,98,1,2,1,1959,90000
Διαμέρισμα,Πασαλιμάνι,148,Ημιώροφ,2,1,1940,300000
Διαμέρισμα,Άγιος Βασίλειος,125,5,3,1,1975,525000
Διαμέρισμα,Νέο Φάληρο,82,1,2,1,1969,135000
Διαμέρισμα,Χατζηκυριάκειο,150,5,3,2,2021,730000
Διαμέρισμα,Νέο Φάληρο,120,2,3,2,2022,340000
Διαμέρισμα,Νέο Φάληρο,120,1,3,2,2022,365000
Διαμέρισμα,Τερψιθέα,83,3,2,1,1970,220000
Διαμέρισμα,Φρεαττύδα,124,4,3,2,2021,347200
Μεζονέτα,Καλλίπολη,140,6,4,2,2021,495000
Διαμέρισμα,Καλλίπολη,90,3,2,1,2012,390000
Διαμέρισμα,Πασαλιμάνι,80,1,1,1,1970,155000
Διαμέρισμα,Πασαλιμάνι,143,2,5,4,1952,490000
Μεζονέτα,Χατζηκυριάκειο,127,5,3,1,2000,450000
Διαμέρισμα,Καλλίπολη,70,2,3,1,1974,95000
Μονοκατοικία,Καστέλα,222,Ημιώροφ,4,2,1987,580000
Διαμέρισμα,Καλλίπολη,104,1,3,1,2013,450000
Κτίριο,Χατζηκυριάκειο,200,0,4,3,2001,330000
Κτίριο,Πλατεία Ιπποδαμείας,754,Υπόγειο,12,6,2003,988000
Μεζονέτα,Βρυώνη,145,5,4,2,1999,340000
Μονοκατοικία,Πασαλιμάνι,252,0,6,4,1932,320000
Διαμέρισμα,Ζωοδόχος Πηγή,50,1,1,1,1980,42000
Διαμέρισμα,Φρεαττύδα,98,3,3,2,1976,200000
Διαμέρισμα,Τερψιθέα,75,2,2,1,1980,125000
Διαμέρισμα,Φρεαττύδα,100,5,3,1,2020,350000
Διαμέρισμα,Φρεαττύδα,100,8,3,1,2020,400000
Διαμέρισμα,Καμίνια,51,5,1,1,1979,60000
Διαμέρισμα,Ευαγγελίστρια,55,2,1,1,2005,150000
Διαμέρισμα,Μανιάτικα,82,2,2,2,2007,135000
Διαμέρισμα,Νέο Φάληρο,112,5,3,2,2022,352000
Διαμέρισμα,Καστέλα,93,1,2,1,2008,255000
Διαμέρισμα,Ευαγγελίστρια,77,3,1,1,1974,120000
Κτίριο,Καστέλα,412,1,16,8,1994,1100000
Διαμέρισμα,Καλλίπολη,70,5,1,1,2007,145000
Διαμέρισμα,Φρεαττύδα,85,3,2,1,1975,165000
Διαμέρισμα,Υδραίικα,44,0,1,1,1970,280
Διαμέρισμα,Καλλίπολη,94,1,3,1,2021,240000
Διαμέρισμα,Βρυώνη,128,2,4,1,2000,250000
Διαμέρισμα,Καστέλα,54,1,1,1,1979,80000
Διαμέρισμα,Ευαγγελίστρια,60,0,2,1,1980,100000
Διαμέρισμα,Φρεαττύδα,50,2,1,1,1967,79000
Διαμέρισμα,Κέντρο,93,1,3,1,1980,165000
Διαμέρισμα,Καστέλα,83,0,2,1,1963,135000
Μεζονέτα,Πλατεία Ιπποδαμείας,110,5,2,1,1980,195000
Διαμέρισμα,Καλλίπολη,97,5,3,1,2004,285000
Κτίριο,Ευαγγελίστρια,300,-0.5,4,1,1930,360000
Μεζονέτα,Νέο Φάληρο,115,6,3,2,2022,357000
Διαμέρισμα,Μανιάτικα,100,1,2,1,1990,250000
Διαμέρισμα,Καμίνια,47,0,1,1,1974,45000
Μεζονέτα,Χατζηκυριάκειο,159,4,3,1,2010,360000
Διαμέρισμα,Πειραϊκή,66,3,2,1,1974,110000
Διαμέρισμα,Καλλίπολη,90,3,2,1,1990,150000
Μεζονέτα,Καστέλα,150,0,4,2,1969,270000
Διαμέρισμα,Ευαγγελίστρια,74,1,2,1,1974,148000
Μονοκατοικία,Καστέλα,300,0,9,2,1966,1000000
Μονοκατοικία,Καμίνια,140,0,3,1,1975,175000
Μεζονέτα,Χατζηκυριάκειο,145,7,3,2,2006,680000
Διαμέρισμα,Άγιος Βασίλειος,135,1,3,2,1980,360000
Διαμέρισμα,Μανιάτικα,57,2,2,1,2006,90000
Διαμέρισμα,Τερψιθέα,95,4,3,1,1976,260000
Μεζονέτα,Καλλίπολη,116,7,3,1,2022,350000
Διαμέρισμα,Μικρολίμανο,106,1,2,1,1967,350000
Μεζονέτα,Πασαλιμάνι,76,-0.5,2,1,1970,160000
Μεζονέτα,Βρυώνη,132,2,3,2,2010,350000
Διαμέρισμα,Κοκκινιά,90,3,3,1,2012,150000
Μεζονέτα,Φρεαττύδα,145,6,2,2,2012,410000
Μεζονέτα,Νέο Φάληρο,147,6,3,2,2022,500000
Διαμέρισμα,Καστέλα,50,2,1,1,2007,125000
Διαμέρισμα,Ταμπούρια,95,5,3,1,2009,190000
Διαμέρισμα,Μανιάτικα,82,4,2,2,2007,150000
Διαμέρισμα,Άγιος Βασίλειος,90,1,2,1,1982,200000
Διαμέρισμα,Ευαγγελίστρια,80,4,2,1,1975,137000
Διαμέρισμα,Πειραϊκή,70,3,2,1,1974,105000
Κτίριο,Κεντρικός Λιμένας,424,Υπόγειο,8,9,2006,1200000
Διαμέρισμα,Ταμπούρια,74,2,1,1,1998,130000
Διαμέρισμα,Ευαγγελίστρια,93,3,2,1,2004,180000
Διαμέρισμα,Νέο Φάληρο,83,5,2,1,2022,252000
Διαμέρισμα,Κέντρο,136,5,3,1,2011,345000
Διαμέρισμα,Φρεαττύδα,77,2,2,2,1965,98000
Διαμέρισμα,Νέο Φάληρο,112,2,3,2,2022,315000
Μεζονέτα,Μανιάτικα,90,0,2,1,1990,195000
Διαμέρισμα,Καμίνια,161,0,3,2,1967,220000
Διαμέρισμα,Τερψιθέα,77,4,1,1,1969,295000
Διαμέρισμα,Ταμπούρια,70,Υπερυψωμένο,2,1,1974,110000
Διαμέρισμα,Κέντρο,100,5,2,1,1974,190000
Διαμέρισμα,Ευαγγελίστρια,131,6,3,1,2011,360000
Διαμέρισμα,Κέντρο,92,4,2,2,1964,200000
Διαμέρισμα,Φρεαττύδα,194,3,3,2,2000,1000000
Μεζονέτα,Νέο Φάληρο,134,6,3,2,2022,450000
Διαμέρισμα,Καμίνια,85,7,2,1,2022,219000
Διαμέρισμα,Κοκκινιά,78,1,2,1,2008,123000
Διαμέρισμα,Φρεαττύδα,91,3,2,1,2005,195000
Διαμέρισμα,Νέο Φάληρο,74,2,2,1,1976,140000
Διαμέρισμα,Καστέλα,105,2,2,1,1972,250000
Διαμέρισμα,Άγιος Βασίλειος,71,3,2,1,1985,160000
Κτίριο,Ζωοδόχος Πηγή,330,0,10,5,1980,579000
Κτίριο,Ευαγγελίστρια,446,0,10,8,1994,1000000
Διαμέρισμα,Υδραίικα,100,1,2,1,1967,150000
Διαμέρισμα,Νέο Φάληρο,52,1,2,1,1978,100000
Διαμέρισμα,Αγία Σοφία,93,4,3,1,2003,155000
Διαμέρισμα,Κέντρο,83,6,2,1,1979,170000
Διαμέρισμα,Μικρολίμανο,115,0,2,1,2002,400000
Διαμέρισμα,Ταμπούρια,80,1,2,1,2008,132000
Διαμέρισμα,Καμίνια,84,0,2,1,1974,89000
Μεζονέτα,Κέντρο,160,1,2,1,1959,160000
Μεζονέτα,Νέο Φάληρο,126,6,3,2,2022,390000
Μονοκατοικία,Καστέλα,250,0,4,1,1960,830000
Μεζονέτα,Ευαγγελίστρια,113,6,3,1,2004,315000
Διαμέρισμα,Μανιάτικα,80,3,2,1,1978,90000
Διαμέρισμα,Νέο Φάληρο,76,Υπερυψωμένο,1,1,2001,130000
Μεζονέτα,Καλλίπολη,145,5,4,2,1999,350000
Διαμέρισμα,Φρεαττύδα,50,1,1,1,1973,70000
Διαμέρισμα,Τερψιθέα,92,3,2,2,1964,200000
Διαμέρισμα,Κεντρικός Λιμένας,116,5,3,1,2021,320000
Διαμέρισμα,Τερψιθέα,82,4,2,1,1976,210000
Μεζονέτα,Βρυώνη,100,6,2,1,2005,310000
Διαμέρισμα,Αγία Σοφία,45,2,1,1,2021,115000
Διαμέρισμα,Πασαλιμάνι,100,2,2,1,1965,330000
Διαμέρισμα,Φρεαττύδα,91,4,2,1,1979,165000
Διαμέρισμα,Νέο Φάληρο,65,2,1,1,1981,85000
Διαμέρισμα,Ευαγγελίστρια,75,1,2,1,1970,130000
Κτίριο,Ευαγγελίστρια,269,0,6,3,1970,340000
Μεζονέτα,Κοκκινιά,140,0,3,2,1970,180000
Διαμέρισμα,Πασαλιμάνι,98,2,2,1,1970,140000
Διαμέρισμα,Νέο Φάληρο,90,0,2,1,1975,110000
Διαμέρισμα,Ταμπούρια,89,3,2,1,2021,220000
Διαμέρισμα,Καστέλα,91,5,2,1,1978,115000
Διαμέρισμα,Φρεαττύδα,47,Υπερυψωμένο,1,1,1970,105000
Κτίριο,Κέντρο,1000,0,14,8,1930,790000
Διαμέρισμα,Ταμπούρια,95,7,2,1,2005,185000
Διαμέρισμα,Φρεαττύδα,60,3,2,1,2019,176000
Μεζονέτα,Φρεαττύδα,80,5,2,1,2021,240000
Μεζονέτα,Χατζηκυριάκειο,151,6,3,2,2009,500000
Διαμέρισμα,Καστέλα,88,1,2,1,1981,210000
Διαμέρισμα,Κεντρικός Λιμένας,116,4,3,1,2021,310000
Διαμέρισμα,Φρεαττύδα,117,6,3,2,2021,386100
Διαμέρισμα,Νέο Φάληρο,80,3,2,1,2022,227000
Διαμέρισμα,Καλλίπολη,70,1,2,1,1970,110000
Διαμέρισμα,Κεντρικός Λιμένας,100,8,3,2,1970,400000
Διαμέρισμα,Φρεαττύδα,85,5,2,1,2002,225000
Διαμέρισμα,Καμίνια,100,5,3,1,2022,218000
Μονοκατοικία,Πειραϊκή,342,0,3,3,2000,1050000
Μονοκατοικία,Μανιάτικα,190,0,5,3,2006,300000
Διαμέρισμα,Ζωοδόχος Πηγή,90,5,2,1,2006,134000
Διαμέρισμα,Ταμπούρια,45,1,1,1,2021,105000
Διαμέρισμα,Φρεαττύδα,60,1,2,1,2019,164000
Διαμέρισμα,Πειραϊκή,90,4,2,1,2010,470000
Μονοκατοικία,Τερψιθέα,158,0,4,2,1965,235000
Κτίριο,Ταμπούρια,198,0,2,1,1968,165000
Διαμέρισμα,Αγία Σοφία,50,5,2,1,2009,125000
Διαμέρισμα,Πειραϊκή,120,1,3,1,2009,300000
Διαμέρισμα,Μικρολίμανο,140,0,2,1,1948,350000
Μεζονέτα,Χατζηκυριάκειο,145,4,3,1,2010,360000
Διαμέρισμα,Κεντρικός Λιμένας,116,6,3,1,2021,330000
Διαμέρισμα,Καλλίπολη,63,1,1,1,1977,170000
Διαμέρισμα,Καμίνια,56,7,1,1,2022,143000
Διαμέρισμα,Κέντρο,61,1,2,1,2015,164000
Διαμέρισμα,Κεντρικός Λιμένας,130,1,1,1,1981,95000
Διαμέρισμα,Ζωοδόχος Πηγή,66,8,2,1,2010,104000
Διαμέρισμα,Κέντρο,72,1,2,1,1971,133000
Διαμέρισμα,Φρεαττύδα,112,Υπερυψωμένο,2,1,1975,110000
Κτίριο,Ταμπούρια,1000,0,10,5,1980,770000
Μεζονέτα,Χατζηκυριάκειο,80,6,2,1,2006,240000
Διαμέρισμα,Νέο Φάληρο,100,5,2,1,1992,250000
Κτίριο,Μανιάτικα,386,Υπόγειο,6,3,2001,600000
Μεζονέτα,Ευαγγελίστρια,170,2,2,2,1980,130000
Διαμέρισμα,Πασαλιμάνι,50,Ημιώροφ,1,1,1972,80000
Διαμέρισμα,Τερψιθέα,91,1,2,1,1971,140000
Διαμέρισμα,Μανιάτικα,83,5,2,1,2022,250000
Διαμέρισμα,Κέντρο,74,6,1,1,1968,130000
Διαμέρισμα,Καμίνια,100,7,3,1,2022,255000
Διαμέρισμα,Κέντρο,65,1,1,1,1970,100000
Διαμέρισμα,Φρεαττύδα,60,5,2,1,2019,184000
Διαμέρισμα,Καμίνια,85,8,2,1,2022,217000
Διαμέρισμα,Καμίνια,46,2,1,1,1973,58000
Διαμέρισμα,Καλλίπολη,67,1,1,1,1981,80000
Μεζονέτα,Καλλίπολη,140,4,3,2,2010,360000
Διαμέρισμα,Τερψιθέα,82,1,2,1,1970,220000
Κτίριο,Κέντρο,700,0,2,2,2005,1050000
Διαμέρισμα,Κεντρικός Λιμένας,68,2,2,1,2021,180000
Διαμέρισμα,Νέο Φάληρο,120,5,3,1,1980,250000
Μεζονέτα,Κεντρικός Λιμένας,91,5,2,1,1977,182000
Διαμέρισμα,Ταμπούρια,89,4,2,1,2021,225000
Κτίριο,Πειραϊκή,340,0,7,5,1998,800000
Διαμέρισμα,Μανιάτικα,80,2,2,1,1978,90000
Διαμέρισμα,Καλλίπολη,75,3,2,1,2020,220000
Μεζονέτα,Ταμπούρια,130,4,3,1,2021,330000
Διαμέρισμα,Υδραίικα,65,3,2,1,1970,77000
Μονοκατοικία,Ευαγγελίστρια,260,0,2,1,1930,600000
Μεζονέτα,Πειραϊκή,113,5,2,1,2004,360000
Διαμέρισμα,Ζωοδόχος Πηγή,168,1,3,1,1970,165000
Μονοκατοικία,Μανιάτικα,133,0,3,2,1950,180000
Διαμέρισμα,Ευαγγελίστρια,120,1,3,1,1978,150000
Κτίριο,Πλατεία Ιπποδαμείας,530,0,12,14,1976,530000
Διαμέρισμα,Νέο Φάληρο,85,4,2,1,2022,247000
Διαμέρισμα,Νέο Φάληρο,85,1,2,1,2022,220000
Διαμέρισμα,Μανιάτικα,88,Ημιώροφ,2,1,1956,135000
Διαμέρισμα,Φρεαττύδα,113,3,3,1,2020,305100
Διαμέρισμα,Φρεαττύδα,62,Ημιώροφ,2,1,1998,120000
Διαμέρισμα,Νέο Φάληρο,79,1,2,1,2010,225000
Διαμέρισμα,Φρεαττύδα,137,2,3,1,1970,250000
Διαμέρισμα,Καστέλα,90,1,2,1,1970,165000
Διαμέρισμα,Πασαλιμάνι,90,3,2,1,1973,250000
Διαμέρισμα,Φρεαττύδα,52,1,1,1,1980,80000
Διαμέρισμα,Νέο Φάληρο,98,0,3,1,1989,105000
Διαμέρισμα,Κέντρο,87,5,2,1,1982,160000
Διαμέρισμα,Ευαγγελίστρια,81,3,2,1,1980,125000
Διαμέρισμα,Ζωοδόχος Πηγή,77,4,2,1,2008,135000
Μονοκατοικία,Πασαλιμάνι,205,0,4,1,1920,500000
Διαμέρισμα,Άγιος Βασίλειος,83,1,2,1,2022,250000
Διαμέρισμα,Κέντρο,90,3,2,1,1978,150000
Διαμέρισμα,Μανιάτικα,82,1,2,2,2007,125000
Κτίριο,Κοκκινιά,330,0,5,5,1972,579000
Διαμέρισμα,Χατζηκυριάκειο,120,1,3,1,2011,350000
Διαμέρισμα,Μανιάτικα,75,1,2,1,2005,124000
Διαμέρισμα,Ευαγγελίστρια,152,5,3,2,1973,370000
Διαμέρισμα,Πασαλιμάνι,102,1,2,1,1978,195000
Διαμέρισμα,Φρεαττύδα,39,6,1,1,1984,85000
Διαμέρισμα,Κεντρικός Λιμένας,70,4,2,1,1975,99000
Διαμέρισμα,Νέο Φάληρο,80,4,2,1,2022,233000
Μεζονέτα,Πειραϊκή,188,7,4,2,2014,880000
Διαμέρισμα,Μανιάτικα,97,1,3,1,2022,225000
Διαμέρισμα,Μανιάτικα,97,2,3,1,2022,235000
Διαμέρισμα,Μανιάτικα,97,3,3,1,2022,245000
Διαμέρισμα,Άγιος Βασίλειος,49,Ημιώροφ,1,1,1970,102000
Διαμέρισμα,Ταμπούρια,55,1,1,1,2021,120000
Διαμέρισμα,Ταμπούρια,67,2,1,1,1977,75000
Κτίριο,Καμίνια,500,0,1,4,1965,1000000
Διαμέρισμα,Νέο Φάληρο,67,1,2,1,1969,130000
Διαμέρισμα,Καστέλα,48,2,1,1,1965,58000
Διαμέρισμα,Καστέλα,95,2,2,1,1984,220000
Κτίριο,Κέντρο,335,0,7,4,1940,350000
Διαμέρισμα,Φρεαττύδα,62,5,2,1,1970,135000
Διαμέρισμα,Ζωοδόχος Πηγή,95,3,2,1,1977,70000
Διαμέρισμα,Μανιάτικα,52,1,1,1,1979,90000
Διαμέρισμα,Πασαλιμάνι,72,Ημιώροφ,2,1,1972,90000
Διαμέρισμα,Μανιάτικα,95,4,3,1,2010,260000
Διαμέρισμα,Φρεαττύδα,75,2,2,1,1978,148000
Διαμέρισμα,Πασαλιμάνι,98,1,2,1,1972,160000
Διαμέρισμα,Καμίνια,59,4,1,1,2012,93000
Διαμέρισμα,Πλατεία Ιπποδαμείας,72,2,2,1,1962,120000
Διαμέρισμα,Ταμπούρια,55,2,1,1,2021,125000
Μεζονέτα,Φρεαττύδα,144,6,4,1,2007,340000
Διαμέρισμα,Φρεαττύδα,50,3,1,1,1966,90000
Διαμέρισμα,Τερψιθέα,62,1,1,1,1970,170000
Διαμέρισμα,Κέντρο,85,5,2,1,1970,140000
Κτίριο,Αγία Σοφία,1000,0,9999,9999,2011,850000
Μονοκατοικία,Καστέλα,280,0,4,3,2004,1300000
Διαμέρισμα,Καστέλα,49,-0.5,1,1,1970,42000
Διαμέρισμα,Κεντρικός Λιμένας,60,1,1,1,2013,115000
Κτίριο,Ευαγγελίστρια,266,1,4,1,1967,360000
Διαμέρισμα,Νέο Φάληρο,80,2,2,1,2001,300000
Διαμέρισμα,Μανιάτικα,80,5,2,1,2012,185000
Διαμέρισμα,Μανιάτικα,92,2,2,1,1978,130000
Διαμέρισμα,Μανιάτικα,80,5,2,1,2010,180000
Διαμέρισμα,Ευαγγελίστρια,86,3,2,1,2001,185000
Διαμέρισμα,Κεντρικός Λιμένας,68,1,2,1,2021,170000
Κτίριο,Καστέλα,272,0,6,3,1976,360000
Διαμέρισμα,Καμίνια,83,4,2,1,2022,170000
Διαμέρισμα,Καμίνια,100,4,3,1,2022,212000
Διαμέρισμα,Καμίνια,100,6,3,1,2022,225000
Διαμέρισμα,Φρεαττύδα,96,1,3,1,2012,210000
Μεζονέτα,Πειραϊκή,117,6,3,1,2021,350000
Διαμέρισμα,Καλλίπολη,80,4,2,1,2020,350000
Διαμέρισμα,Νέο Φάληρο,55,0,1,1,1973,72000
Διαμέρισμα,Πασαλιμάνι,71,1,2,1,1970,170000
Διαμέρισμα,Ευαγγελίστρια,47,7,1,1,2007,129000
Μονοκατοικία,Μανιάτικα,61,0,2,1,1965,180000
Διαμέρισμα,Κέντρο,115,3,2,1,1975,120000
Διαμέρισμα,Χατζηκυριάκειο,120,4,3,2,2009,275000
Διαμέρισμα,Μανιάτικα,55,4,1,1,2008,110000
Διαμέρισμα,Πλατεία Ιπποδαμείας,94,3,2,1,1974,168000
Διαμέρισμα,Κεντρικός Λιμένας,170,7,4,1,1971,240000
Μεζονέτα,Βρυώνη,142,6,3,1,2010,500000
Κτίριο,Κεντρικός Λιμένας,563,0,14,5,2006,891000
Διαμέρισμα,Ευαγγελίστρια,81,2,2,1,2008,150000
Διαμέρισμα,Καστέλα,84,0,2,1,1964,250000
Διαμέρισμα,Καστέλα,54,1,1,1,1972,80000
Μεζονέτα,Καστέλα,196,2,3,2,1960,1100000
Μονοκατοικία,Ευαγγελίστρια,237,0,5,3,1950,300000
Διαμέρισμα,Φρεαττύδα,450,0,4,2,1985,800000
Διαμέρισμα,Ταμπούρια,122,6,3,1,2011,345000
Διαμέρισμα,Καστέλα,39,4,1,1,1971,65000
Διαμέρισμα,Νέο Φάληρο,127,3,3,1,1976,240000
Διαμέρισμα,Ευαγγελίστρια,76,6,1,1,1978,130000
Διαμέρισμα,Καλλίπολη,85,4,2,1,2020,235000
Διαμέρισμα,Μανιάτικα,74,1,2,1,1974,80000
Διαμέρισμα,Καστέλα,74,5,2,1,1969,145000
Διαμέρισμα,Μανιάτικα,97,4,3,1,2022,255000
Διαμέρισμα,Νέο Φάληρο,75,2,3,2,1970,160000
Διαμέρισμα,Ταμπούρια,65,1,2,1,2011,110000
Διαμέρισμα,ΟΣΕ,92,1,2,2,2005,230000
Διαμέρισμα,Πασαλιμάνι,72,1,1,1,1964,200000
Διαμέρισμα,Πειραϊκή,126,4,3,2,2017,400000
Διαμέρισμα,Καλλίπολη,80,4,2,1,2006,155000
Διαμέρισμα,Βρυώνη,50,1,1,1,1974,70000
Μονοκατοικία,Καστέλα,218,0,2,3,2001,580000
Διαμέρισμα,Νέο Φάληρο,62,1,1,1,2009,95000
Κτίριο,Κεντρικός Λιμένας,160,0,10,5,1970,750000
Κτίριο,Ευαγγελίστρια,870,Υπόγειο,17,17,1982,1200000
Διαμέρισμα,Καλλίπολη,72,2,2,1,1986,145000
Διαμέρισμα,Καλλίπολη,75,0,1,1,1960,85000
Διαμέρισμα,Τερψιθέα,117,5,3,1,1991,350000
Διαμέρισμα,Φρεαττύδα,127,6,3,2,1970,190000
Διαμέρισμα,Κοκκινιά,57,4,1,1,2008,125000
Κτίριο,Μανιάτικα,254,0,4,2,2006,350000
Διαμέρισμα,Νέο Φάληρο,67,1,2,1,1972,85000
Κτίριο,Καμίνια,260,0,6,4,1970,450000
Διαμέρισμα,Χατζηκυριάκειο,215,2,4,1,1985,500000
Διαμέρισμα,Νέο Φάληρο,100,3,2,1,1974,180000
Διαμέρισμα,Άγιος Βασίλειος,110,5,3,1,1971,260000
Μεζονέτα,Νέο Φάληρο,226,5,3,2,1980,370000
Διαμέρισμα,Ευαγγελίστρια,75,2,2,1,1975,160000
Διαμέρισμα,Μανιάτικα,72,3,2,1,2012,150000
Διαμέρισμα,Καστέλα,144,0,4,2,1955,120000
Διαμέρισμα,Καλλίπολη,85,1,2,1,2020,235000
Μεζονέτα,Άγιος Βασίλειος,105,3,2,1,1985,95000
Διαμέρισμα,Ταμπούρια,88,3,2,1,2021,212000
Διαμέρισμα,Νέο Φάληρο,63,2,1,1,1973,120000
Διαμέρισμα,Τερψιθέα,80,6,1,1,1960,430000
Κτίριο,Ευαγγελίστρια,620,0,2,2,1999,700000
Διαμέρισμα,Ταμπούρια,74,1,2,1,2000,160000
Διαμέρισμα,Φρεαττύδα,98,3,2,1,1975,250000
Διαμέρισμα,Χατζηκυριάκειο,93,1,2,1,1984,350000
Διαμέρισμα,Χατζηκυριάκειο,60,0,2,1,2010,95000
Διαμέρισμα,Χατζηκυριάκειο,120,1,3,1,2011,520000
Διαμέρισμα,Τερψιθέα,80,7,1,1,1960,430000
Διαμέρισμα,Καλλίπολη,75,1,2,1,2020,200000
Διαμέρισμα,Καλλίπολη,87,3,2,1,2010,480000
Διαμέρισμα,Ταμπούρια,55,2,1,1,1965,42000
Διαμέρισμα,Ταμπούρια,55,0,1,1,2011,80000
Διαμέρισμα,Καμίνια,67,3,2,1,2012,100000
Διαμέρισμα,Τερψιθέα,80,0,2,1,1991,130000
Διαμέρισμα,Νέο Φάληρο,40,5,2,1,1985,55000
Διαμέρισμα,Νέο Φάληρο,123,4,3,1,2002,300000
Κτίριο,Καλλίπολη,500,Υπερυψωμένο,16,6,1981,950000
Διαμέρισμα,Βρυώνη,95,4,3,1,1975,260000
Κτίριο,Καστέλα,412,0,8,4,1994,940000
Μεζονέτα,Ταμπούρια,145,4,3,2,1970,160000
Διαμέρισμα,Κοκκινιά,104,1,2,1,1975,145000
Διαμέρισμα,Χατζηκυριάκειο,75,1,2,1,1978,145000
Μεζονέτα,Καμίνια,150,5,4,2,2006,350000
Διαμέρισμα,Φρεαττύδα,110,3,3,1,2021,300000
Διαμέρισμα,Ταμπούρια,101,2,2,1,1974,100000
Μονοκατοικία,Πασαλιμάνι,418,0,4,2,1930,1050000
Διαμέρισμα,Καμίνια,95,1,2,1,2021,190000
Μονοκατοικία,Καστέλα,210,0,4,1,1976,320000
Μονοκατοικία,Ταμπούρια,100,0,3,1,1965,150000
Μεζονέτα,Καλλίπολη,141,6,4,2,2007,340000
Διαμέρισμα,Κέντρο,102,2,2,1,1961,115000
Κτίριο,Καλλίπολη,460,5,7,4,2015,800000
Διαμέρισμα,Κεντρικός Λιμένας,108,6,3,2,2010,185000
Κτίριο,Χατζηκυριάκειο,170,0,4,3,1932,270000
Διαμέρισμα,Φρεαττύδα,103,2,2,1,1964,120000
Διαμέρισμα,Βρυώνη,107,2,2,1,1992,300000
Διαμέρισμα,Καμίνια,54,2,1,1,2007,99000
Διαμέρισμα,Φρεαττύδα,131,7,3,2,1974,180000
Διαμέρισμα,Καλλίπολη,98,1,3,1,1971,130000
Διαμέρισμα,Ευαγγελίστρια,75,5,2,1,2009,250000
Διαμέρισμα,Χατζηκυριάκειο,92,6,2,1,2011,320000
Διαμέρισμα,Αγία Σοφία,71,3,1,1,2005,150000
Μεζονέτα,Χατζηκυριάκειο,130,4,3,2,2005,500000
Διαμέρισμα,Φρεαττύδα,130,6,3,2,1993,330000
Διαμέρισμα,Μανιάτικα,79,3,2,1,2008,120000
Διαμέρισμα,Τερψιθέα,98,3,3,1,1976,210000
Μεζονέτα,Φρεαττύδα,100,5,3,3,2000,400000
Διαμέρισμα,Πασαλιμάνι,83,6,2,1,1979,170000
Μονοκατοικία,Καμίνια,448,0,5,2,2005,480000
Κτίριο,Ταμπούρια,270,0,4,3,1999,300000
Διαμέρισμα,Άγιος Βασίλειος,100,4,2,1,1980,319000
Διαμέρισμα,Φρεαττύδα,86,2,2,1,1982,200000
Μεζονέτα,Χατζηκυριάκειο,99,5,2,1,2009,300000
Διαμέρισμα,Ταμπούρια,86,2,3,1,2010,180000
Διαμέρισμα,Μανιάτικα,70,1,2,1,2010,140000
Διαμέρισμα,Καμίνια,77,1,2,1,1983,77000
Διαμέρισμα,Τερψιθέα,72,1,2,1,1972,170000
Μονοκατοικία,Μανιάτικα,190,0,4,2,1990,430000
Διαμέρισμα,Καστέλα,170,0,3,1,1925,190000
Διαμέρισμα,Καλλίπολη,130,3,2,1,1995,325000
Μεζονέτα,Πλατεία Ιπποδαμείας,100,5,3,2,2007,300000
Μονοκατοικία,Καστέλα,400,0,3,3,2008,850000
Μεζονέτα,Φρεαττύδα,195,6,4,2,2003,490000
Διαμέρισμα,Φρεαττύδα,120,5,2,2,2000,350000
Διαμέρισμα,Ζωοδόχος Πηγή,61,4,1,1,2010,92000
Κτίριο,Πλατεία Ιπποδαμείας,1000,0,14,7,2013,1000000
Μεζονέτα,Χατζηκυριάκειο,130,5,3,1,2011,280000
Μεζονέτα,Αγία Σοφία,180,1,4,2,1979,250000
Μονοκατοικία,Φρεαττύδα,246,0,6,3,1970,350000
Διαμέρισμα,Καμίνια,85,1,3,1,1999,190000
Διαμέρισμα,Τερψιθέα,194,4,3,2,2011,980000
Διαμέρισμα,ΟΣΕ,100,1,3,1,2003,110000
Κτίριο,Μανιάτικα,294,0,7,6,1970,250000
Διαμέρισμα,Ζωοδόχος Πηγή,78,2,2,2,2008,133000
Μεζονέτα,Μανιάτικα,160,2,3,1,1980,170000
Διαμέρισμα,Μανιάτικα,82,1,2,1,2006,167000
Διαμέρισμα,Ευαγγελίστρια,114,1,2,1,1970,280000
Διαμέρισμα,Κέντρο,130,1,1,1,1962,160000
Διαμέρισμα,Αγία Σοφία,135,1,2,1,1972,170000
Διαμέρισμα,Υδραίικα,100,2,3,1,1975,260000
Διαμέρισμα,Καλλίπολη,60,Ημιώροφ,2,1,1972,66000
Διαμέρισμα,Χατζηκυριάκειο,150,5,2,1,1986,700000
Μονοκατοικία,Μανιάτικα,120,0,2,1,1970,120000
Διαμέρισμα,Ταμπούρια,82,1,2,1,1970,60000
Διαμέρισμα,Νέο Φάληρο,116,5,3,1,2021,320000
Μονοκατοικία,Νέο Φάληρο,220,2,4,2,2006,700000
Διαμέρισμα,Φρεαττύδα,86,4,2,1,1998,200000
Διαμέρισμα,Μανιάτικα,40,2,1,1,2010,95000
Διαμέρισμα,Ευαγγελίστρια,91,0,2,1,1975,90000
Διαμέρισμα,Φρεαττύδα,76,1,2,1,1976,145000
Διαμέρισμα,Φρεαττύδα,75,1,2,1,2012,175000
Διαμέρισμα,Πασαλιμάνι,135,1,3,1,1970,450000
Διαμέρισμα,Ταμπούρια,76,3,2,1,2011,167000
Διαμέρισμα,Χατζηκυριάκειο,100,1,2,1,1973,130000
Διαμέρισμα,Ταμπούρια,139,0,2,1,1960,90000
Διαμέρισμα,Κεντρικός Λιμένας,57,5,1,1,2006,220000
Διαμέρισμα,Χατζηκυριάκειο,95,7,2,2,2008,280000
Μεζονέτα,Φρεαττύδα,84,7,2,1,2019,266000
Διαμέρισμα,Καλλίπολη,91,5,3,1,2022,285000
Διαμέρισμα,Καμίνια,53,1,1,1,2021,106000
Διαμέρισμα,Νέο Φάληρο,84,2,2,1,2006,200000
Μεζονέτα,Φρεαττύδα,105,5,3,1,2013,360000
Διαμέρισμα,Πασαλιμάνι,285,5,4,1,1985,650000
Διαμέρισμα,Χατζηκυριάκειο,70,1,1,1,1975,90000
Διαμέρισμα,Τερψιθέα,51,3,1,1,1970,110000
Διαμέρισμα,Ευαγγελίστρια,75,1,2,1,1970,145000
Διαμέρισμα,Φρεαττύδα,70,4,2,1,2018,205000
Διαμέρισμα,Υδραίικα,45,0,1,1,1980,44000
Μεζονέτα,Ταμπούρια,130,5,4,2,2021,335000
Διαμέρισμα,Ευαγγελίστρια,57,0,1,1,2007,170850
Μονοκατοικία,Καλλίπολη,300,0,7,3,1927,310000
Διαμέρισμα,Τερψιθέα,157,4,3,2,1973,245000
Οικία,Πασαλιμάνι,415,0,8,1,1968,900000
Διαμέρισμα,Ταμπούρια,76,4,2,1,2011,175000
Διαμέρισμα,Κοκκινιά,190,1,3,1,1955,299000
Διαμέρισμα,Καστέλα,70,6,1,1,1970,200000
Διαμέρισμα,Πειραϊκή,76,4,2,1,2021,345000
Διαμέρισμα,Καλλίπολη,117,3,3,1,1979,180000
Κτίριο,Καστέλα,386,Υπόγειο,7,2,1974,450000
Μονοκατοικία,Καστέλα,250,0,7,4,1967,1100000
Διαμέρισμα,Νέο Φάληρο,105,3,3,1,2009,205000
Μονοκατοικία,Ευαγγελίστρια,210,0,3,1,1975,365000
Διαμέρισμα,Καμίνια,95,2,3,1,2021,210000
Διαμέρισμα,Ζωοδόχος Πηγή,80,1,2,1,1968,49000
Διαμέρισμα,Καστέλα,83,3,2,1,2005,162000
Διαμέρισμα,Ζωοδόχος Πηγή,80,6,2,1,2012,210000
Μεζονέτα,Υδραίικα,120,2,3,1,2006,320000
Διαμέρισμα,Καλλίπολη,95,2,2,1,1975,135000
Διαμέρισμα,Καμίνια,47,0,2,1,1966,32000
Διαμέρισμα,Αγία Σοφία,75,1,2,1,2002,150000
Διαμέρισμα,Νέο Φάληρο,120,5,3,1,1997,280000
Διαμέρισμα,Ταμπούρια,90,1,2,1,1960,85000
Διαμέρισμα,Καλλίπολη,98,1,3,1,1975,125000
Οικία,Χατζηκυριάκειο,269,0,8,1,1968,280000
Διαμέρισμα,Νέο Φάληρο,147,4,2,1,1979,250000
Μονοκατοικία,Ζωοδόχος Πηγή,162,0,1,1,1930,100000
Μονοκατοικία,Καμίνια,128,0,3,2,1970,100000
Διαμέρισμα,Νέο Φάληρο,167,1,3,1,1903,350000
Διαμέρισμα,Μικρολίμανο,80,0,2,2,1967,250000
Διαμέρισμα,Κεντρικός Λιμένας,92,4,3,1,2002,155000
Μεζονέτα,Καστέλα,427,0,4,2,2005,1150000
Διαμέρισμα,Ταμπούρια,82,4,2,1,2005,150000
Διαμέρισμα,Καλλίπολη,70,3,2,1,2006,205000
Διαμέρισμα,Ταμπούρια,90,4,3,1,2021,240000
Κτίριο,Αγία Σοφία,360,0,4,3,1960,450000
Διαμέρισμα,Ευαγγελίστρια,100,Υπερυψωμένο,2,1,1972,85000
Διαμέρισμα,Φρεαττύδα,75,1,2,1,1970,250000
Διαμέρισμα,Μανιάτικα,77,3,2,1,2006,160000
Μεζονέτα,Χατζηκυριάκειο,110,5,2,1,2003,360000
Διαμέρισμα,Νέο Φάληρο,74,2,2,1,1975,130000
Μεζονέτα,Χατζηκυριάκειο,151,6,3,1,2011,420000
Διαμέρισμα,Ταμπούρια,71,4,2,1,1972,88000
Διαμέρισμα,Υδραίικα,46,1,1,1,1970,70000
Διαμέρισμα,Νέο Φάληρο,136,5,3,1,2013,335000
Κτίριο,Πειραϊκή,365,Υπερυψωμένο,6,3,1966,500000
Διαμέρισμα,Κέντρο,48,4,1,1,1970,100000
Διαμέρισμα,Ζωοδόχος Πηγή,125,1,3,1,1970,140000
Μεζονέτα,Φρεαττύδα,108,5,3,1,2000,360000
Διαμέρισμα,Πλατεία Ιπποδαμείας,1200,7,2,8,2009,1800000
Διαμέρισμα,Μανιάτικα,70,3,2,1,2010,150000
Μεζονέτα,Πλατεία Ιπποδαμείας,128,5,2,1,1980,175000
Διαμέρισμα,Ταμπούρια,90,4,2,1,2011,207000
Διαμέρισμα,Τερψιθέα,75,5,1,1,1970,168000
Διαμέρισμα,Μανιάτικα,90,4,3,1,2021,240000
Διαμέρισμα,Χατζηκυριάκειο,140,8,3,2,2000,765000
Κτίριο,Πασαλιμάνι,265,0,5,3,1936,950000
Κτίριο,Καλλίπολη,652,0,11,4,1995,950000
Διαμέρισμα,Ταμπούρια,85,5,2,1,1980,100000
Διαμέρισμα,Ταμπούρια,65,3,2,1,2011,130000
Διαμέρισμα,Πειραϊκή,128,1,3,1,1956,310000
Διαμέρισμα,Χατζηκυριάκειο,101,4,3,2,1972,450000
Διαμέρισμα,Κέντρο,71,2,2,1,1974,80000
Διαμέρισμα,Μανιάτικα,90,3,3,1,1971,120000
Μεζονέτα,Καλλίπολη,149,4,4,2,1987,320000
Διαμέρισμα,Υδραίικα,64,Υπερυψωμένο,1,1,1975,90000
Διαμέρισμα,Ζωοδόχος Πηγή,100,2,2,1,1990,90000
Μονοκατοικία,Άγιος Βασίλειος,210,0,4,1,1960,400000
Κτίριο,Φρεαττύδα,510,0,5,5,1935,800000
Διαμέρισμα,Φρεαττύδα,95,4,3,1,1975,260000
Διαμέρισμα,Τερψιθέα,54,Υπόγειο,1,1,1970,60000
Διαμέρισμα,Καλλίπολη,80,2,2,1,1978,160000
Κτίριο,Ζωοδόχος Πηγή,128,0,3,2,1955,130000
Διαμέρισμα,Αμφιάλη,42,2,1,1,1978,36000
Διαμέρισμα,Κεντρικός Λιμένας,40,1,1,1,2006,150000
Διαμέρισμα,Κεντρικός Λιμένας,48,6,1,1,2006,195000
Διαμέρισμα,Καμίνια,70,2,2,1,2005,115000
Μεζονέτα,Ταμπούρια,189,3,3,2,1994,285000
Κτίριο,Καλλίπολη,290,0,7,3,2000,800000
Διαμέρισμα,Καλλίπολη,128,1,3,1,1956,330000
Διαμέρισμα,Καμίνια,57,2,2,1,2010,140000
Διαμέρισμα,Ζωοδόχος Πηγή,93,1,2,1,1975,160000
Διαμέρισμα,Φρεαττύδα,82,1,2,1,1970,220000
Διαμέρισμα,Πειραϊκή,100,4,2,1,1975,340000
Μονοκατοικία,Χατζηκυριάκειο,190,0,4,3,2001,350000
Μεζονέτα,Χατζηκυριάκειο,149,5,4,2,1986,320000
Διαμέρισμα,Νέο Φάληρο,107,2,3,1,1967,170000
Διαμέρισμα,Ευαγγελίστρια,70,4,2,1,1970,145000
Διαμέρισμα,Ανάσταση,117,1,2,1,1974,110000
Διαμέρισμα,Φρεαττύδα,195,3,3,2,2005,1050000
Διαμέρισμα,Κέντρο,115,5,2,1,1974,129000
Κτίριο,Βρυώνη,610,0,6,6,1980,1000000
Διαμέρισμα,Ταμπούρια,96,6,3,1,2011,270000
Διαμέρισμα,Ταμπούρια,45,1,1,1,2021,110000
Διαμέρισμα,Καλλίπολη,72,4,2,1,1981,110000
Διαμέρισμα,Άγιος Βασίλειος,84,4,2,1,1975,327000
Κτίριο,Ευαγγελίστρια,160,3,1,1,2010,326000
Μονοκατοικία,Αγία Σοφία,55,1,1,1,1955,70000
Διαμέρισμα,Μανιάτικα,80,4,2,1,2008,145000
Κτίριο,Πασαλιμάνι,915,0,10,3,1930,980000
Διαμέρισμα,Χατζηκυριάκειο,94,3,3,1,2010,300000
Διαμέρισμα,Τερψιθέα,127,6,3,2,1965,205000
Διαμέρισμα,Ταμπούρια,76,1,2,1,2011,152000
Μεζονέτα,Ταμπούρια,150,6,3,1,2009,250000
Διαμέρισμα,Ευαγγελίστρια,76,2,3,2,1979,160000
Διαμέρισμα,Ευαγγελίστρια,39,1,1,1,2007,94000
Κτίριο,Ταμπούρια,189,0,5,3,1970,185000
Διαμέρισμα,Μανιάτικα,70,2,2,1,1978,73000
Μονοκατοικία,Τερψιθέα,630,0,5,6,1960,900000
Κτίριο,Καστέλα,630,0,6,4,2005,3000000
Διαμέρισμα,Ευαγγελίστρια,51,1,1,1,2007,110000
Διαμέρισμα,Καστέλα,140,0,2,1,1953,380000
Διαμέρισμα,Ευαγγελίστρια,51,5,1,1,2004,136000
Διαμέρισμα,Τερψιθέα,91,1,2,1,1971,150000
Διαμέρισμα,Πειραϊκή,100,5,3,2,2004,285000
Διαμέρισμα,Κέντρο,128,1,3,1,1976,310000
Διαμέρισμα,Καμίνια,82,2,2,1,2021,167000
Διαμέρισμα,Κέντρο,132,5,4,2,1976,290000
Διαμέρισμα,Χατζηκυριάκειο,120,1,3,1,2011,298000
Κτίριο,Πασαλιμάνι,481,0,11,12,1979,850000
Μονοκατοικία,Ζωοδόχος Πηγή,65,0,1,1,1931,100000
Διαμέρισμα,Ευαγγελίστρια,76,3,1,1,1975,120000
Διαμέρισμα,Φρεαττύδα,70,3,2,1,1962,67000
Διαμέρισμα,Ευαγγελίστρια,53,7,1,1,2007,146000
Μονοκατοικία,Μανιάτικα,100,0,3,1,1933,160000
Διαμέρισμα,Καλλίπολη,101,4,3,1,1972,445000
Μεζονέτα,Καστέλα,264,0,5,3,1998,410000
Μεζονέτα,Τερψιθέα,62,6,2,1,1975,220000
Διαμέρισμα,Καμίνια,100,2,2,1,1986,120000
Διαμέρισμα,Πασαλιμάνι,105,4,3,1,1971,200000
Διαμέρισμα,Πασαλιμάνι,85,5,2,1,1970,235000
Μεζονέτα,Καλλίπολη,185,7,4,1,2011,1250000
Διαμέρισμα,Φρεαττύδα,102,7,3,2,2020,380000
Διαμέρισμα,Πλατεία Ιπποδαμείας,100,1,3,1,1972,120000
Μονοκατοικία,Νέο Φάληρο,412,-0.5,6,2,1916,950000
Διαμέρισμα,Καμίνια,70,0,2,1,1970,65000
Διαμέρισμα,Χατζηκυριάκειο,105,2,2,1,2018,280000
Μεζονέτα,Μανιάτικα,220,4,3,2,2010,420000
Διαμέρισμα,Καλλίπολη,71,3,2,1,1980,140000
Διαμέρισμα,Πειραϊκή,76,3,2,1,2021,315000
Διαμέρισμα,Πειραϊκή,76,2,2,1,2021,295000
Διαμέρισμα,Μανιάτικα,71,4,2,1,2005,140000
Κτίριο,Ταμπούρια,750,1,20,10,2010,650000
Διαμέρισμα,Καμίνια,90,4,2,1,1979,110000
Διαμέρισμα,Κοκκινιά,67,0,2,1,1978,65000
Διαμέρισμα,Ευαγγελίστρια,57,8,1,1,2007,171000
Διαμέρισμα,Ευαγγελίστρια,86,2,2,2,2007,185000
Κτίριο,Αγία Σοφία,210,1,6,3,1976,290000
Διαμέρισμα,Νέο Φάληρο,220,6,4,2,2001,700000
Διαμέρισμα,Μανιάτικα,93,4,3,1,2006,195000
Μονοκατοικία,Φρεαττύδα,463,0,4,5,2005,560000
Διαμέρισμα,Φρεαττύδα,52,2,1,1,1975,75000
Διαμέρισμα,Φρεαττύδα,73,2,2,1,1977,84000
Διαμέρισμα,Πασαλιμάνι,92,1,2,1,2004,153000
Διαμέρισμα,Φρεαττύδα,75,1,2,1,2011,180000
Κτίριο,Ταμπούρια,294,0,6,2,1964,320000
Διαμέρισμα,Καμίνια,48,0,1,1,1976,32000
Διαμέρισμα,Χατζηκυριάκειο,145,5,3,3,1986,340000
Μονοκατοικία,Πασαλιμάνι,175,0,4,1,1900,300000
Διαμέρισμα,Πειραϊκή,90,3,2,1,2010,470000
Διαμέρισμα,Καστέλα,103,2,2,1,1960,130000
Διαμέρισμα,Καστέλα,178,2,3,2,1960,260000
Διαμέρισμα,Καστέλα,75,3,1,1,1985,130000
Διαμέρισμα,Μανιάτικα,110,3,3,1,1979,250000
Κτίριο,Καστέλα,520,0,4,1,1954,3000000
Διαμέρισμα,Καστέλα,105,3,2,1,2003,300000
Διαμέρισμα,Νέο Φάληρο,116,1,3,1,2021,280000
Διαμέρισμα,Καμίνια,67,3,2,2,2012,107000
Διαμέρισμα,Καλλίπολη,67,6,1,1,2020,230000
Διαμέρισμα,Βρυώνη,80,8,1,1,1960,450000
Διαμέρισμα,Πλατεία Ιπποδαμείας,79,1,2,1,2008,186000
Κτίριο,Καστέλα,250,0,7,4,1945,320000
Διαμέρισμα,Ταμπούρια,90,5,2,1,2011,216000
Διαμέρισμα,Ταμπούρια,60,5,1,1,2011,144000
Διαμέρισμα,Ταμπούρια,66,5,1,1,2011,158000
Διαμέρισμα,Ταμπούρια,63,1,1,1,2009,250000
Διαμέρισμα,Κέντρο,55,3,1,1,1969,105000
Διαμέρισμα,Φρεαττύδα,102,1,3,2,2020,320000
Διαμέρισμα,Ευαγγελίστρια,56,6,1,1,1980,95000
Διαμέρισμα,Φρεαττύδα,92,4,2,2,1964,200000
Διαμέρισμα,Άγιος Βασίλειος,85,4,2,1,2001,180000
Κτίριο,Χατζηκυριάκειο,550,0,6,8,1960,650000
Διαμέρισμα,Νέο Φάληρο,51,2,1,1,1974,90000
Διαμέρισμα,Καμίνια,90,Υπερυψωμένο,2,1,1986,100000
Διαμέρισμα,Ευαγγελίστρια,77,2,2,1,2019,255000
Διαμέρισμα,Καστέλα,80,1,2,1,2000,148000
Διαμέρισμα,Πασαλιμάνι,68,1,2,1,1972,100000
Κτίριο,Καστέλα,234,0,6,2,1974,480000
Μονοκατοικία,Καστέλα,205,0,3,2,1970,1000000
Κτίριο,Υδραίικα,560,0,10,3,1996,850000
Διαμέρισμα,Ζωοδόχος Πηγή,140,0,3,1,1986,128000
Μεζονέτα,Πασαλιμάνι,76,6,2,2,2018,241000
Διαμέρισμα,Ζωοδόχος Πηγή,67,0,2,1,1969,58000
Διαμέρισμα,Καλλίπολη,53,1,1,1,1976,60000
Διαμέρισμα,Ταμπούρια,56,2,1,1,1978,60000
Διαμέρισμα,Καλλίπολη,77,4,2,1,2006,190000
Μονοκατοικία,Κέντρο,240,0,3,1,1930,600000
Διαμέρισμα,Καμίνια,94,1,3,1,2022,185000
Διαμέρισμα,Φρεαττύδα,195,3,3,2,2016,1150000
Διαμέρισμα,Πασαλιμάνι,204,3,4,1,1965,550000
Διαμέρισμα,Μανιάτικα,70,1,2,1,1970,70000
Μεζονέτα,Καλλίπολη,120,6,3,3,2020,420000
Διαμέρισμα,Τερψιθέα,88,0,2,1,1975,125000
Διαμέρισμα,Νέο Φάληρο,111,3,3,2,2021,323400
Μεζονέτα,Καστέλα,100,1,2,2,2021,370000
Διαμέρισμα,Φρεαττύδα,98,1,2,1,1941,153000
Μεζονέτα,Χατζηκυριάκειο,134,2,3,1,2010,350000
Διαμέρισμα,Πειραϊκή,80,Ημιώροφ,2,1,1975,95000
Διαμέρισμα,Ταμπούρια,60,6,1,1,2011,168000
Διαμέρισμα,Καστέλα,52,3,1,1,1974,89000
Διαμέρισμα,Νέο Φάληρο,85,6,2,1,2006,205000
Διαμέρισμα,Τερψιθέα,92,5,2,2,1963,200000
Διαμέρισμα,Καλλίπολη,126,5,3,1,2011,420000
Διαμέρισμα,Ταμπούρια,59,7,1,1,2011,177000
Διαμέρισμα,Νέο Φάληρο,83,1,2,1,2005,210000
Διαμέρισμα,Καμίνια,85,3,2,1,2022,170000
Διαμέρισμα,Φρεαττύδα,50,Ημιώροφ,1,1,1970,102000
Διαμέρισμα,Πειραϊκή,77,4,2,1,1979,370000
Διαμέρισμα,Φρεαττύδα,102,2,3,2,2020,330000
Μονοκατοικία,Φρεαττύδα,670,0,9,6,1936,1000000
Κτίριο,Πλατεία Ιπποδαμείας,730,1,16,16,1975,700000
Διαμέρισμα,Ταμπούρια,63,0,2,1,1950,70000
Διαμέρισμα,Καλλίπολη,98,1,3,1,2022,235000
Διαμέρισμα,Φρεαττύδα,50,2,1,1,1975,120000
Διαμέρισμα,Μανιάτικα,101,1,2,1,1971,70000
Διαμέρισμα,Ταμπούρια,230,0,5,2,1980,250000
Διαμέρισμα,Φρεαττύδα,94,4,3,1,1984,260000
Διαμέρισμα,Καστέλα,106,3,3,2,2021,340000
Διαμέρισμα,Καστέλα,106,2,3,2,2021,320000
Διαμέρισμα,Κεντρικός Λιμένας,100,7,3,2,1975,400000
Διαμέρισμα,Χατζηκυριάκειο,86,6,2,1,2000,285000
Διαμέρισμα,Πειραϊκή,100,1,3,2,2021,360000
Διαμέρισμα,Κοκκινιά,56,1,1,1,2008,75000
Μεζονέτα,Καστέλα,192,5,4,1,1970,980000
Διαμέρισμα,Μανιάτικα,88,1,2,1,2008,170000
Διαμέρισμα,Ζωοδόχος Πηγή,91,1,2,1,1974,85000
Κτίριο,Πλατεία Ιπποδαμείας,450,0,4,2,1949,450000
Διαμέρισμα,Καστέλα,78,0,2,1,1967,69000
Διαμέρισμα,Πασαλιμάνι,143,4,3,1,1977,320000
Μονοκατοικία,Ευαγγελίστρια,250,0,4,1,1950,300000
Διαμέρισμα,Πασαλιμάνι,105,4,3,1,2009,300000
Διαμέρισμα,Μανιάτικα,80,1,2,1,2006,110000
Διαμέρισμα,Ευαγγελίστρια,50,4,1,1,2007,128000
Διαμέρισμα,Ευαγγελίστρια,39,1,1,1,2007,94000
Διαμέρισμα,Ταμπούρια,86,1,3,1,2010,185000
Διαμέρισμα,Καλλίπολη,120,6,3,2,2010,470000
Διαμέρισμα,Καλλίπολη,98,3,3,1,1980,160000
Διαμέρισμα,Φρεαττύδα,54,2,1,1,1980,150000
Μεζονέτα,Καστέλα,196,2,2,1,1994,1150000
Διαμέρισμα,Χατζηκυριάκειο,75,1,2,1,1975,110000
Διαμέρισμα,Φρεαττύδα,61,2,2,1,2013,170000
Κτίριο,ΟΣΕ,145,1,2,1,1970,120000
Μονοκατοικία,Καστέλα,237,1,5,2,1970,1100000
Μεζονέτα,Πειραϊκή,98,1,2,2,2008,270000
Μονοκατοικία,Κοκκινιά,215,0,2,1,1935,80000
Μεζονέτα,Πασαλιμάνι,170,5,3,2,2010,500000
Διαμέρισμα,Χατζηκυριάκειο,85,3,2,1,1975,140000
Διαμέρισμα,Τερψιθέα,106,3,3,1,1969,200000
Οικία,Μανιάτικα,240,3,6,1,1980,300000
Διαμέρισμα,Καστέλα,108,1,2,1,1937,280000
Διαμέρισμα,Πασαλιμάνι,52,0,1,1,1970,48000
Διαμέρισμα,Καλλίπολη,85,3,2,1,2020,235000
Διαμέρισμα,Τερψιθέα,65,Υπερυψωμένο,1,1,1980,99000
Διαμέρισμα,Καμίνια,36,2,1,1,2008,68000
Διαμέρισμα,Ευαγγελίστρια,93,1,2,1,2008,255000
Μονοκατοικία,Αγία Σοφία,245,0,5,4,1961,250000
Διαμέρισμα,Άγιος Βασίλειος,135,1,3,1,1978,355000
Διαμέρισμα,Φρεαττύδα,84,3,2,2,1965,260000
Διαμέρισμα,Νέο Φάληρο,83,0,1,1,1981,96000
Διαμέρισμα,Ταμπούρια,75,1,2,1,2011,155000
Διαμέρισμα,Ταμπούρια,83,3,2,1,2011,182000
Διαμέρισμα,Ζωοδόχος Πηγή,94,7,3,1,2010,151000
Κτίριο,Αγία Σοφία,250,2,6,1,1970,190000
Διαμέρισμα,Καλλίπολη,80,1,2,1,2009,200000
Διαμέρισμα,Πλατεία Ιπποδαμείας,145,1,3,2,1980,210000
Μονοκατοικία,Ταμπούρια,85,0,3,1,1940,98000
Διαμέρισμα,Νέο Φάληρο,79,1,2,1,2010,225000
Κτίριο,Χατζηκυριάκειο,436,0,11,5,2011,700000
Διαμέρισμα,Καλλίπολη,86,4,2,1,1991,190000
Μεζονέτα,Κοκκινιά,160,8,4,1,2013,300000
Διαμέρισμα,Καστέλα,95,Ημιώροφ,2,1,1965,90000
Διαμέρισμα,Ευαγγελίστρια,98,1,1,1,1975,160000
Διαμέρισμα,Τερψιθέα,94,2,2,1,1968,120000
Διαμέρισμα,Χατζηκυριάκειο,70,1,2,1,1983,350000
Διαμέρισμα,Βρυώνη,60,Ημιώροφ,1,1,1976,70000
Μονοκατοικία,Πασαλιμάνι,330,0,7,1,1900,500000
Μονοκατοικία,Καλλίπολη,145,1,3,1,1963,280000
Διαμέρισμα,Φρεαττύδα,64,1,2,1,1974,100000
Μεζονέτα,Καστέλα,76,0,2,1,1999,160000
Διαμέρισμα,Ταμπούρια,87,0,2,1,1964,80000
Διαμέρισμα,Κέντρο,73,1,2,1,1974,129000
Διαμέρισμα,Πασαλιμάνι,86,5,2,1,1970,140000
Διαμέρισμα,Φρεαττύδα,85,6,2,2,1978,650000
Διαμέρισμα,Ευαγγελίστρια,67,6,1,1,1971,150000
Διαμέρισμα,Άγιος Βασίλειος,50,0,1,1,1970,110000
Μονοκατοικία,Χατζηκυριάκειο,187,0,4,3,2001,370000
Μονοκατοικία,Χατζηκυριάκειο,133,0,4,2,1955,153000
Διαμέρισμα,Πασαλιμάνι,31,Υπόγειο,1,1,1975,27000
Διαμέρισμα,Καλλίπολη,116,5,3,2,1990,340000
Διαμέρισμα,Τερψιθέα,90,3,2,1,1980,160000
Διαμέρισμα,Ταμπούρια,90,4,3,1,2021,245000
Διαμέρισμα,Ταμπούρια,55,2,2,1,2021,135000
Διαμέρισμα,Μανιάτικα,100,3,3,1,2021,230000
Μεζονέτα,Μανιάτικα,95,4,3,1,2021,250000
Διαμέρισμα,Χατζηκυριάκειο,77,1,2,1,2021,270000
Διαμέρισμα,Ταμπούρια,55,1,2,1,2021,130000
Διαμέρισμα,Μανιάτικα,65,1,2,1,2021,140000
Διαμέρισμα,Μανιάτικα,100,4,3,1,2021,240000
Διαμέρισμα,Ταμπούρια,77,3,2,1,1981,95000
Διαμέρισμα,Καμίνια,68,1,1,1,2012,122000
Μεζονέτα,Χατζηκυριάκειο,100,5,2,1,2006,300000
Διαμέρισμα,Κεντρικός Λιμένας,144,5,3,3,2021,440000
Διαμέρισμα,Τερψιθέα,27,Υπόγειο,1,1,1970,40000
Διαμέρισμα,Καστέλα,92,3,2,1,1970,400000
Διαμέρισμα,Καλλίπολη,75,3,2,1,1977,140000
Κτίριο,Βρυώνη,274,2,7,4,1970,360000
Διαμέρισμα,Πλατεία Ιπποδαμείας,87,2,2,1,1976,135000
Διαμέρισμα,Ταμπούρια,110,2,3,2,1970,140000
Μονοκατοικία,Καστέλα,95,0,3,1,1940,250000
Μονοκατοικία,Πλατεία Ιπποδαμείας,208,0,5,2,1990,360000
Διαμέρισμα,Ταμπούρια,76,5,2,1,2011,182000
Διαμέρισμα,Ταμπούρια,83,4,2,1,2011,190000
Διαμέρισμα,Ταμπούρια,53,5,1,1,2011,127000
Διαμέρισμα,Φρεαττύδα,102,3,3,2,2020,340000
Μονοκατοικία,Μικρολίμανο,120,0,3,1,1900,460000
Μεζονέτα,Χατζηκυριάκειο,141,5,3,2,2010,500000
Διαμέρισμα,Ταμπούρια,90,1,2,1,2011,180000
Διαμέρισμα,Χατζηκυριάκειο,125,2,4,2,2000,250000
Διαμέρισμα,Κέντρο,125,5,3,1,1975,115000
Μονοκατοικία,Ταμπούρια,230,0,4,2,1970,190000
Κτίριο,Ευαγγελίστρια,202,-0.5,4,2,1930,180000
Διαμέρισμα,Νέο Φάληρο,116,4,3,1,2009,215000
Διαμέρισμα,Βρυώνη,75,3,2,1,2011,140000
Διαμέρισμα,Νέο Φάληρο,55,1,1,1,1978,80000
Διαμέρισμα,Βρυώνη,98,0,2,1,1977,98000
Κτίριο,Ευαγγελίστρια,412,0,8,8,1992,1100000
Διαμέρισμα,Αγία Σοφία,90,3,3,1,2011,185000
Διαμέρισμα,Ευαγγελίστρια,100,2,3,1,1993,175000
Διαμέρισμα,Πασαλιμάνι,75,0,2,1,1975,85000
Διαμέρισμα,Φρεαττύδα,98,3,3,1,1976,210000
Διαμέρισμα,Νέο Φάληρο,105,7,3,1,1994,145000
Διαμέρισμα,Ταμπούρια,95,6,1,1,2005,162000
Διαμέρισμα,Φρεαττύδα,73,0,2,1,1973,63000
Κτίριο,Χατζηκυριάκειο,284,1,4,3,1997,520000
Διαμέρισμα,Ταμπούρια,92,8,2,1,2005,180000
Κτίριο,Ταμπούρια,470,0,1,1,2013,320000
Μονοκατοικία,Κέντρο,320,1,6,3,1957,420000
Διαμέρισμα,Τερψιθέα,100,2,2,1,1965,130000
Μονοκατοικία,ΟΣΕ,90,0,3,1,1970,105000
Διαμέρισμα,Φρεαττύδα,140,5,3,1,1980,200000
Διαμέρισμα,Νέο Φάληρο,104,5,3,1,2004,250000
Διαμέρισμα,Μανιάτικα,100,0,2,1,1966,110000
Διαμέρισμα,Καστέλα,161,5,3,2,1983,345000
Διαμέρισμα,Καμίνια,94,5,3,1,2022,203000
Διαμέρισμα,Άγιος Βασίλειος,48,1,1,1,1975,73000
Διαμέρισμα,Καστέλα,122,3,2,1,1990,440000
Διαμέρισμα,Ταμπούρια,103,1,3,1,2005,153000
Διαμέρισμα,Καμίνια,66,5,2,1,2010,99000
Διαμέρισμα,Τερψιθέα,124,4,3,1,2020,375000
Κτίριο,Καμίνια,270,0,6,4,1968,520000
Διαμέρισμα,Αγία Σοφία,88,3,2,1,2010,185000
Διαμέρισμα,Κοκκινιά,91,2,2,1,1983,120000
Μεζονέτα,Χατζηκυριάκειο,160,3,4,1,2000,360000
Διαμέρισμα,Καλλίπολη,76,0,2,1,1949,80000
Διαμέρισμα,Κεντρικός Λιμένας,90,1,2,1,1975,150000
Διαμέρισμα,Μανιάτικα,80,1,2,1,2008,135000
Μεζονέτα,Τερψιθέα,75,6,2,2,2015,241000
Μεζονέτα,Ταμπούρια,245,0,4,1,1935,500000
Διαμέρισμα,Πειραϊκή,120,3,3,1,1985,320000
Διαμέρισμα,Ταμπούρια,60,4,1,1,2011,138000
Διαμέρισμα,Καμίνια,61,3,1,1,2010,91000
Διαμέρισμα,Καμίνια,83,2,2,1,2022,162000
Διαμέρισμα,Φρεαττύδα,102,6,3,2,2020,370000
Κτίριο,Μανιάτικα,237,0,6,3,1976,295000
Μονοκατοικία,Χατζηκυριάκειο,53,1,2,1,1955,65000
Μονοκατοικία,Νέο Φάληρο,250,0,5,3,1968,345000
Διαμέρισμα,Μανιάτικα,85,1,2,1,1954,110000
Διαμέρισμα,Πλατεία Ιπποδαμείας,73,6,1,1,1962,133000
Διαμέρισμα,Καστέλα,70,1,2,1,1976,140000
Διαμέρισμα,Ταμπούρια,90,4,2,1,1992,175000
Διαμέρισμα,Μικρολίμανο,84,0,2,1,1975,240000
Μεζονέτα,Ευαγγελίστρια,117,4,2,2,2003,160000
Μονοκατοικία,Πασαλιμάνι,210,0,6,4,1932,320000
Διαμέρισμα,Κέντρο,75,3,2,1,1973,110000
Διαμέρισμα,Μανιάτικα,80,3,2,1,1985,100000
Διαμέρισμα,Μανιάτικα,68,1,1,1,1965,65000
Μονοκατοικία,Καστέλα,485,0,6,6,2009,1100000
Διαμέρισμα,Χατζηκυριάκειο,127,4,3,1,2011,400000
Διαμέρισμα,Πειραϊκή,90,6,3,2,2021,500000
Διαμέρισμα,Καμίνια,83,3,2,1,2021,168000
Διαμέρισμα,Κέντρο,90,1,2,1,1975,130000
Διαμέρισμα,Φρεαττύδα,93,1,3,1,2022,270000
Μονοκατοικία,Υδραίικα,200,0,3,2,1950,500000
Διαμέρισμα,Φρεαττύδα,60,2,2,1,2017,170000
Διαμέρισμα,Ευαγγελίστρια,96,2,2,1,1930,120000
Διαμέρισμα,Νέο Φάληρο,121,4,3,1,2001,290000
Διαμέρισμα,Καλλίπολη,85,2,2,1,2020,245000
Διαμέρισμα,Ταμπούρια,46,1,1,1,1976,52000
Διαμέρισμα,Καμίνια,60,-0.5,1,1,1977,80000
Διαμέρισμα,Φρεαττύδα,120,3,2,1,2000,500000
Μονοκατοικία,Βρυώνη,200,0,4,3,2001,440000
Διαμέρισμα,Καμίνια,70,1,2,1,1970,120000
Διαμέρισμα,Ευαγγελίστρια,97,6,1,1,1998,210000
Μεζονέτα,Καστέλα,141,7,1,2,2010,335000
Διαμέρισμα,Καμίνια,98,2,3,1,1999,175000
Διαμέρισμα,Ευαγγελίστρια,70,3,1,1,1964,110000
Διαμέρισμα,Κέντρο,82,3,1,1,1970,220000
Μεζονέτα,Πλατεία Ιπποδαμείας,110,5,2,1,1980,175000
Διαμέρισμα,Αγία Σοφία,76,6,2,1,2006,164000
Διαμέρισμα,Χατζηκυριάκειο,43,Ημιώροφ,1,1,1987,205000
Μεζονέτα,Ταμπούρια,130,5,3,1,2021,380000
Κτίριο,Κεντρικός Λιμένας,420,0,12,7,1993,990000
Διαμέρισμα,Καμίνια,87,2,2,1,1981,120000
Διαμέρισμα,Καμίνια,70,0,2,1,1970,120000
Κτίριο,Πλατεία Ιπποδαμείας,145,0,3,2,1970,120000
Διαμέρισμα,Ζωοδόχος Πηγή,95,3,2,1,2004,160000
Διαμέρισμα,Καλλίπολη,75,6,1,1,1990,250000
Διαμέρισμα,Ευαγγελίστρια,27,7,1,1,2007,75000
Μονοκατοικία,Ταμπούρια,86,1,3,1,1970,87000
Διαμέρισμα,Καλλίπολη,70,7,1,1,2020,250000
Διαμέρισμα,Καστέλα,75,3,2,1,2012,180000
Μονοκατοικία,Καστέλα,120,0,3,1,1940,300000
Κτίριο,Ευαγγελίστρια,139,0,13,8,1994,975000
Διαμέρισμα,Ταμπούρια,136,7,3,1,2011,415000
Διαμέρισμα,Ευαγγελίστρια,66,5,2,1,2005,140000
Διαμέρισμα,Πασαλιμάνι,140,1,4,3,1952,490000
Διαμέρισμα,Καλλίπολη,94,1,2,1,1980,130000
Διαμέρισμα,Νέο Φάληρο,54,3,1,1,1960,250000
Διαμέρισμα,Τερψιθέα,52,3,2,1,1972,75000
Κτίριο,Νέο Φάληρο,740,0,17,17,1980,1200000
Διαμέρισμα,Ευαγγελίστρια,80,3,2,1,1970,114000
Διαμέρισμα,Πλατεία Ιπποδαμείας,56,2,1,1,1973,125000
Διαμέρισμα,Καλλίπολη,126,4,3,1,2011,400000
Διαμέρισμα,Πασαλιμάνι,29,0,1,1,1968,35000
Διαμέρισμα,Καλλίπολη,51,1,1,1,1978,93000
Διαμέρισμα,Κεντρικός Λιμένας,88,1,3,1,2010,155000
Διαμέρισμα,Ταμπούρια,76,2,2,1,2011,159000
Διαμέρισμα,Ταμπούρια,90,3,2,1,2011,198000
Διαμέρισμα,Νέο Φάληρο,112,5,2,1,1974,350000
Διαμέρισμα,Πασαλιμάνι,70,1,2,2,2019,184000
Μεζονέτα,Χατζηκυριάκειο,150,6,4,2,2005,400000
Διαμέρισμα,Καλλίπολη,100,1,3,2,2021,350000
Διαμέρισμα,Φρεαττύδα,111,1,3,1,2021,300000
Μεζονέτα,Υδραίικα,120,6,3,1,2021,335000
Διαμέρισμα,Υδραίικα,108,4,3,1,2021,275000
Διαμέρισμα,Ταμπούρια,90,2,2,1,1976,90000
Διαμέρισμα,Κοκκινιά,78,2,2,1,2008,130000
Διαμέρισμα,Καμίνια,117,1,2,1,1981,125000
Διαμέρισμα,Πασαλιμάνι,118,2,3,1,1978,170000
Διαμέρισμα,Καστέλα,106,4,3,2,2021,360000
Μονοκατοικία,Πλατεία Ιπποδαμείας,66,0,1,1,1946,100000
Διαμέρισμα,Μανιάτικα,88,2,2,1,2008,180000
Μονοκατοικία,Καστέλα,330,0,5,4,1998,990000
Διαμέρισμα,Ευαγγελίστρια,112,5,3,1,2005,235000
Διαμέρισμα,Πλατεία Ιπποδαμείας,51,1,2,1,1978,100000
Κτίριο,Ταμπούρια,247,0,2,1,1960,190000
Διαμέρισμα,Καλλίπολη,67,1,2,1,1974,89000
Διαμέρισμα,Νέο Φάληρο,47,5,1,1,2007,135000
Κτίριο,Άλσος Βώκου,228,Υπόγειο,6,3,2005,360000
Διαμέρισμα,Καλλίπολη,100,3,3,1,2022,285000
Διαμέρισμα,Φρεαττύδα,112,0,2,1,1960,100000
Διαμέρισμα,Καμίνια,105,Ημιώροφ,3,1,1970,125000
Διαμέρισμα,Βρυώνη,120,5,3,1,2011,235000
Διαμέρισμα,Ταμπούρια,100,3,2,1,1977,110000
Διαμέρισμα,Ευαγγελίστρια,40,6,1,1,2007,106000
Διαμέρισμα,Μανιάτικα,125,1,3,1,1975,120000
Κτίριο,Κεντρικός Λιμένας,620,0,10,10,1975,560000
Διαμέρισμα,Ζωοδόχος Πηγή,104,1,2,1,1975,250000
Διαμέρισμα,Νέο Φάληρο,116,3,3,1,2021,300000
Διαμέρισμα,Πειραϊκή,128,1,3,1,1973,280000
Μεζονέτα,Φρεαττύδα,80,4,1,1,1982,200000
Διαμέρισμα,Μανιάτικα,72,3,2,1,2019,150000
Κτίριο,Καμίνια,361,0,4,2,1980,370000
Κτίριο,Φρεαττύδα,307,0,4,2,1967,350000
Διαμέρισμα,Βρυώνη,70,1,2,1,1976,110000
Διαμέρισμα,Ταμπούρια,81,1,2,1,2009,152000
Διαμέρισμα,Μανιάτικα,70,0,2,1,1973,120000
Διαμέρισμα,Αγία Σοφία,40,1,1,1,1966,35000
Μονοκατοικία,Καστέλα,300,0,5,4,1992,700000
Διαμέρισμα,Φρεαττύδα,87,3,2,1,1975,260000
Διαμέρισμα,Πειραϊκή,114,2,3,1,1973,400000
Διαμέρισμα,Άγιος Βασίλειος,86,6,3,1,2022,320000
Κτίριο,Καλλίπολη,347,0,8,4,1965,300000
Διαμέρισμα,Καλλίπολη,84,2,2,1,1985,80000
Διαμέρισμα,Ταμπούρια,90,2,2,1,2011,188000
Μεζονέτα,Χατζηκυριάκειο,118,Υπερυψωμένο,2,1,1963,180000
Διαμέρισμα,Ταμπούρια,60,2,1,1,2011,130000
Διαμέρισμα,Ταμπούρια,83,2,2,1,2011,178000
Διαμέρισμα,Φρεαττύδα,95,2,2,1,1980,190000
Μονοκατοικία,Καστέλα,200,0,5,2,1960,220000
Διαμέρισμα,Τερψιθέα,52,0,1,1,1970,67000
Διαμέρισμα,Νέο Φάληρο,127,3,3,1,1974,220000
Διαμέρισμα,Ευαγγελίστρια,83,Ημιώροφ,2,1,1978,78000
Μεζονέτα,Πειραϊκή,177,2,4,2,1967,330000
Διαμέρισμα,Πλατεία Ιπποδαμείας,89,1,2,1,1970,80000
Κτίριο,Χατζηκυριάκειο,300,0,4,2,1996,600000
Διαμέρισμα,Καλλίπολη,100,2,3,1,2022,250000
Διαμέρισμα,Φρεαττύδα,40,1,1,1,2020,120000
Διαμέρισμα,Καλλίπολη,80,1,2,1,2020,280000
